video_id,title,comments,title_cleaned,comments_cleaned
xuEaBOqxJBc,[놀면 뭐하니?] 황가람 - 나는 반딧불 (FULL ver.)  | #놀면뭐하니? #유재석 #황가람 MBC241228방송,"['요즘이거 광고도 많이 나오던데 알바인가 갑자기 인기급상승1위네', '라디오에서 처음 들었는데 마음이 울컥하게 되더라고요 12월이 참 슬픈 달이기도 한데 이 노래로 위로를 받네요', '마음의 울림이 있는 노래입니다  슬픔도 소망도 기대함도 갖게하는 아름다운 노래ᆢ음색도 넘 감동입니다 감사합니다', '몰락써요~', '원곡자는 밝혀라 마,!', '중식이 버젼이 뭔가 더 이입이 됨.<br>중식이 형님 얼굴 때문인가ㅋㅋㅋㅋ', '가사가  감동을주고 심금을 울린노래는 이노래가 처음입니다<br>최고입니다', '중식이도<br>들어보니좋네', '중식이밴드 노래아니엿나?', '눈물이 나네.']",가람 반딧불 유재석 가람 방송,요즘 광고 알바 갑자기 인기 급상승 라디오 처음 마음 노래 위로 마음 울림 노래 슬픔 소망 노래 음색 감동 몰락  중식 버젼 뭔가 이입 중식 형님 얼굴 때문 가사 감동 심금 노래 노래 처음 최고 중식 이도 어보 중식 밴드 눈물
CxgG78_w684,"황희찬, 손흥민 앞에서 '환상 감아차기 골' 폭발 #SPOTIME","['황희찬 선수, 항상 열정 넘치는 플레이 감사합니다! 힘내세요, 응원합니다!', '손흥민은 맨날 저쪽으로만 차네 ㅋㅋ', '퇴물흥 언제 은퇴함? ㅋㅋ 돈욕심 그득그득하노', '근데 잔디 상태 레전드네 진짜 매일 관리하나보네', '배신자', '패널티킥 키커 좀 바꿔', '느그흥 패널차지마라', '손흥민이 서있네요 ㅋ', '사이좋게  무승부^^~그치만 울찬이는 멋찐 세트피스골  울흥민이는 피케이 실축 둘다 열심히뛰었다 잘했어 모두 다음경기 준비잘해서 좋은모습보여줘 그리고 새해복많이들받고 뭐니뭐니해도 건강이최고니까 아프지말긍 부상조심하고 행복한축구하길바래^^♡', '페널티킥은 차지마라 흥민아']",황희 손흥민 환상 차기 폭발,황희 선수 항상 열정 플레이 응원 손흥민 저쪽 퇴물흥 언제 은퇴 욕심 하노 잔디 상태 레전드 진짜 매일 관리 배신자 패널티킥 패널 손흥민 무승부 세트 피스 흥민 피케 실축 모두 다음 경기 준비 모습 새해 해도 건강 최고 부상 축구 페널티킥 민아
6qiKleVvEiM,김원효♥심진화 부부의 2세는 딸? 아들?? 혹시 쌍둥이?!😮😮 김원효 아빠가 손주랑 제일 먼저 하고 싶은 것은? | 아빠본색,"['반드시 예쁜아기 올꺼예요 응원지지 합니다', '2019년도 방송한  프로그램입니다!!!!!!!!', '이 부부에게 꼭 예쁜아가가 오길 기도할께요', '지금 대한민국은 침략당하고 있습니다. 여러분의 자녀는 더이상 자유인이 아닌 노예가 될 수도 있어요. 부정선거와 주사파에 대해 조사해보고 목소리를 내주세요.', '임신 한건가요?', '기대하고  열었는되  김원효♥심진화님 25년에는 좋은일  있을거예여  하나님이여 이귀한  부부에게 태에문을  열어주세용', '옛날방송인데 2019년도 방송이예요..6년전 방송 입니다. 아버지는  좋은곳 가셨다고 알고있어요....꼭최근꺼처럼 영상 올리시네', '옛날 방송이래요...😢', '축하축하 드려요 건강하고 예쁜아가 기대되네요', '뭐야~참 그러면 몆년전 방송을 어제 한것 처럼~???']",김원효 심진화 부부 아들 혹시 쌍둥이 김원효 아빠 주랑 제일 먼저 아빠 본색,반드시 응원 지지 년도 방송 프로그램 부부 기도 지금 대한민국 침략 여러분 자녀 이상 자유 노예 수도 부정선거 주사파 대해 조사 목소리 임신 건가 김원효 심진화 하나님 이귀 부부 옛날 방송 년도 방송 년전 방송 아버지 최근 옛날 방송 축하 축하 기대 몆년전 방송 어제 처럼
CKiElM7OVJY,이제 작품에서 소리까지 난다고??? 최초의 소리연출 - 마인크래프트 눕프로해커,"['아 ㅋㅋ 전에 오디오트랙 영어로 바꿔놓은거 까먹고 당황했네 ㅋㅋ', '라인상품 투표 사라졌군..', '최신 마크는 급변하고 있는데 아직도 이런 콘테스트나 여시는 겁니까? 기존에 있는 것들 따라 만들기 원툴, 한국인이 제일 잘하는 거긴 하네요.', '눕프핵 4.0이후로 눕프핵의 대격변이 온거같습니다<br>눕프핵 최고에요!!', '얘들아 지금 대한민국은 공산화 직전의 위기야. 부정선거와 주사파에 대해서 조사해봐. 그리고 목소리를 내줘.', '프로들 실력이 심상치않다ㄷㄷ', '매 회차마다 새롭다는 평가가 나와 ㅋㅋㅋㅋ', '와 역시 이번에도 대박이네 ㅋㅋㅋㅎ b~~', '솔직히 롤 언젠간 망하긴할듯 ?? 재미 볼수있을때 재미보자 롤☀지☀️노 ㅋㅋㅋㅋㅋㅋ', '많은 스타유저들의 대회와 솔랭 롤랜드 모든것을 즐기는 명불허전 안전늘이터 롤~지~노']",이제 작품 소리 최초 소리 연출 마인크래프트 프로 해커,오디오 트랙 영어 당황 라인 상품 투표 최신 마크 급변 콘테스트 기존 만들기 원툴 한국인 제일 눕프핵 이후 눕프핵 격변 프핵 최고 지금 대한민국 산화 직전 위기 부정선거 주사파 대해 조사 목소리 프로 실력 상치 차마 평가 역시 이번 대박 재미 재미 지노 스타 유저 대회 솔랭 롤랜드 명불허전 안전 지노
W-Zp03-iUEk,꿀잼,"['아 오늘 유남병운 업로드 해야겠다', '기승전결없는 마무리보고 담배 개말리는지 알바도 담탐하러 나가나보다 인정이지', 'the way they looked at them has me in tears 💀', '<a href=""https://www.youtube.com/watch?v=W-Zp03-iUEk&amp;t=192"">3:12</a> 나도 저리 봤을거야 ㅋ', '<a href=""https://www.youtube.com/watch?v=W-Zp03-iUEk&amp;t=330"">5:30</a> ㅋㅋㅋㅋㅋㅋ', '<a href=""https://www.youtube.com/watch?v=W-Zp03-iUEk&amp;t=230"">3:50</a> 서비스 주는거 ㅈㄴ 웃기네', 'so goodgoodgood', '근데 여친은 남친 친구가 홍대에 있는걸 어케 알고있는거임? 혹시..', '알바생은 왜 그만두고 나간건뒈에 ㅋㅋㅋㅋㅋㅋㅋㅋ', '그래도 싫은데용']",꿀잼,오늘 유남병운 업로드 기승 전결 마무리 보고 담배 알바 인정  저리  서비스 웃기  여친 남친 친구 홍대 어케 혹시 알바생 
VT2eks-3RSw,절대로 놓쳐야 될 남자,"['올해 마지막 선물은 팬암X짧은대본과 함께🎁\r<br>✔카카오 선물하기에서 팬암 검색하고 따뜻한 연말 선물하기\r<br>✔짧은 대본 유튜브 커머스&amp;팬암 자사몰에서 착용아이템 확인!\r<br>멤버십 가입 - <a href=""https://www.youtube.com/channel/UChgOgRNxrtCcVARDQT_c-Zg/join"">https://www.youtube.com/channel/UChgOgRNxrtCcVARDQT_c-Zg/join\r</a><br>\r<br>유남 - 김규남 <a href=""https://www.instagram.com/knamiiiiii?igsh=NDFxaTA4Z3dtMWJ4"">https://www.instagram.com/knamiiiiii?igsh=NDFxaTA4Z3dtMWJ4\r</a><br>병운 - 배재성 <a href=""https://www.instagram.com/b_jae94?igsh=MTF4dWZ3cnVrNmM1eA=="">https://www.instagram.com/b_jae94?igsh=MTF4dWZ3cnVrNmM1eA==\r</a><br>재우 - 정우재 <a href=""https://www.instagram.com/mimi.banggu?igsh=Ym1uMnAyYmJ1eWdx"">https://www.instagram.com/mimi.banggu?igsh=Ym1uMnAyYmJ1eWdx\r</a><br>정국 - 남중규<a href=""https://www.instagram.com/namdoonggu?igsh=MTdxdWcxMXVqc2VlZg=="">https://www.instagram.com/namdoonggu?igsh=MTdxdWcxMXVqc2VlZg==\r</a><br>아라 - 이아라<a href=""https://www.instagram.com/ara_mola_?igsh=MTZwb2RudGtnYTI3aQ=="">https://www.instagram.com/ara_mola_?igsh=MTZwb2RudGtnYTI3aQ==\r</a><br>동국 - 김동우 <a href=""https://www.instagram.com/dwooo_?igsh=ZTFsbjAwM3Rwd2lk"">https://www.instagram.com/dwooo_?igsh=ZTFsbjAwM3Rwd2lk\r</a><br>홍채 - 홍은채<a href=""https://www.instagram.com/eunchaehong?igsh=MWRzYW9hbnhzdDNueQ=="">https://www.instagram.com/eunchaehong?igsh=MWRzYW9hbnhzdDNueQ==\r</a><br>\r<br>그리고 짧은대본 <a href=""https://www.instagram.com/short_paper"">https://www.instagram.com/short_paper\r</a><br>배우지원 - short_audi@<a href=""http://naver.com/"">naver.com</a>', '알고리즘으로 규남이 보고 바로 채널 보게되네 ;; 규남이 알고리즘 쩐다 ~!!! +_+ 띱말고도 규남이를 볼수 있다니 럭키비키자나 !!! ㅎㅎ', '이거지 .. 이거지 .. ㅠㅠㅠ 옛날의 설렘이 다시 찾아왔다 ㅠㅠ 하 옛날 짧대 감성 돌아왔따 ㅠㅠㅠㅠㅠㅠㅠㅠ 아 진짜 행복해 죽을 것 같아', '귀엽당', '<a href=""https://www.youtube.com/watch?v=VT2eks-3RSw&amp;t=318"">5:18</a> 아 진짜 개쳐웃었네 ㅋㅋㅋㅋㅋㅋㅋㅋㅋㅋㅋㅋㅋㅋㅋㅋㅋㅋㅋㅋㅋㅋㅋㅋㅋㅋ', '아.. 광대가..나도 모르게 웃고있었네 ^^ 오랫만에 설레이게 해줘서 고마워요 짧대', '<a href=""https://www.youtube.com/watch?v=VT2eks-3RSw&amp;t=400"">6:40</a> 추영우 배우님❤😊', '여긴 직장인은 없고 전부 알바나 하는 인간만 나옴? 존나 앰생이네', '아 띱인줄알고 남주들왜안나오나했네 규남~~~', 'ㅋㅋㅋ 흑화하는거 개웃끼네 ㅋㅋㅋㅋㅋㅋㅋ']",절대로 남자,올해 마지막 선물 팬암 대본 카카오 선물 팬암 검색 연말 선물 대본 유튜브 커머스 팬암 자사 착용 아이템 확인 멤버십 가입 유남 김규남 병운 배재성 재우 정우 정국 남중 이아 동국 김동우 홍채 대본 배우 지원 알고리즘 규남 보고 바로 채널 규남 알고리즘 쩐다 규남 럭키 비키 옛날 다시 옛날 감성 진짜  진짜 광대 가나 추영 배우 직장인 전부 알바 인간 존나 앰생 띱인줄알 안나 규남 흑화
oiOv0exhgyE,이것은 새로운 시작🩵을 위한 발돋움일 뿐! | IMHERO THE STADIUM CONCERT 비하인드,"['임영웅  보기만 해도 고생 했을것 생각하면 울컥하고 이렇게 멋지고 사랑스런 가수는  내 일생 처음 많은 가수들 콘서트 다녀봤지만   이렇게 빠져본 가수는 임영웅  뿐이다   임영웅  소신대로 하고 싶은것 할수 있도록 열 응원합니다', '임영웅 🩵2025년 1월 브랜드 평판<br>광고 모델 부문 3위 축하합니다 🥳<br>&quot;멋진 노래를 들려 드리자<br>나의 인생은 임영웅 덕분에 변했다<br>여러분들의 인생을 노래할 수 있어서<br>저는 너무 행복한 가수인것 같습니다<br>나에게 있어서 영웅시대는 전부다<br>제 삶 자체입니다 ㅡ 임영웅 <br>임영웅 영웅시대  응원합니다', '임영웅 오늘두번째 콘서트 마음이많이무겁지요그때는이런참사가 있을줄꿈ㅇ엔들 생각했나요 하지만슬픔에계신분위기을 임영웅 좋은노래로  위로해보는것도 위로가되지않을까요 앞으로그분들의 희망을 위해 건행 사랑합니다', '임영웅 <br>그누구도 넓은 마음을 가진 <br>우리들의 영원한 우주 임영웅님 <br>그마음을 헤아릴수<br>있기에<br>더 가슴이 먹먹하고 <br>더 열응합니다 <br>노래로 힘든 마음<br>다 털어 버리고<br>행복만 가득한 <br>마니마니 웃는<br>새해가 되세요 <br>고척돔 리사이틀 <br>초대박 왕대박 대성공적으로 대성료 하세요 <br>사랑합니다 건행 하세요 ㄱ 🩵 🙏', '어제 리사이틀도 너무 행복하고 가슴 벅찼는데\r<br>이 아침 이 영상을 보니 다시 또 그 날 상암의\r<br>기억이 떠올라 가슴뛰네요\r<br>임영웅님 오래오래 살아있는 동안', '임영웅 <br>얼마나 맘고생<br>하면서<br>고심끝에 어렵게 결정하신 <br>고척돔 리사이틀 <br>최상의 컨디션으로 건강하게 무탈하게 대성공적으로 대성료 하세요 <br>언제나 응원 합니다 <br>사랑합니다 축복합니다 <br>이세상에서 영원히 찬란하게 빛나세요 🩵 🙏', '임영웅 🩵 리사이틀 <br>어떤 마음으로 공연 준비를 했는지 <br>어떤 고민들을 했는지 영상 곳곳에 <br>애쓰고 고민을 한 흔적들에 마음이 <br>뭉클하고 코끝이 시큰해집니다. <br>팬들에게 최상의 모습을 보여 주기 <br>위해 날마다 온몸이 부서지도록 <br>연습을했을 아티스트 임영웅 <br>가슴에는 언제나 팬들에게 감사하는 <br>마음을 담고 베푸는 사랑을 실천하고 <br>있는 임영웅 님이 자랑스럽네요<br>팬들에게 임영웅 의 진실된 마음은 <br>언제 어디서나 늘 통하고 있답니다<br>임영웅 함께 하는 모든 날 응원합니다', '울대장 임영웅  ❤❤❤❤❤  영웅님 어려운 결정 존중합니다 영웅님 힘내세요', '임영웅 역시 진중하고 마음이 아름다운 가수 모든순간 ㅇ싣고 응원합니다  최고입니다', '아휴   경국  콘서트  햇네 !  그래서  좋냐  ??']",시작 발돋움 비하인드,임영웅 보기 해도 고생 생각 가수 일생 처음 가수 콘서트 가수 임영웅 임영웅 소신 응원 임영웅 브랜드 평판 광고 모델 부문 축하 노래 인생 임영웅 덕분 여러분 인생 노래 가수 영웅시대 전부 자체 임영웅 임영웅 영웅시대 응원 임영웅 오늘 두번째 콘서트 마음 그때 참사 생각 슬픔 분위기 임영웅 노래 위로 위로 희망 위해 건행 사랑 임영웅 누구 마음 우리 우주 임영웅 마음 가슴 노래 마음 행복 새해 고척돔 리사이틀 대박 대박 대성공 대성 사랑 건행 어제 리사이틀 가슴 아침 다시 상암 기억 가슴 임영웅 오래오래 동안 임영웅 얼마나 고생 고심 결정 고척돔 리사이틀 최상 컨디션 대성공 대성 응원 사랑 축복 세상 임영웅 리사이틀 마음 공연 준비 고민 곳곳 고민 흔적 마음 코끝 최상 모습 주기 위해 온몸 연습 아티스트 임영웅 가슴 마음 사랑 실천 임영웅 임영웅 마음 언제 어디 서나 임영웅 모든 응원 대장 임영웅 영웅 결정 존중 영웅 임영웅 역시 마음 가수 순간 응원 최고 경국 콘서트
N6p1MT-RAwE,최초의 여성 자연인 등장?! 향기를 빚는 자연인 전문희｜자연인 하이라이트 16회,"['진짜 승윤이형 이러다 본인이 자연인 될거같다 진짜', '썸네일 장지수(꽈뚜룹) 인줄...', '승윤씨 이때는 정말 어려보이고 이쁘네요~^^', '방송을 100% 미을 수 있을지 의문이다', '전부 거짓말  길도 없는 산길. 떡하니 올라가면 번듯한 집이 ㅋ. 되더체 말이 않되는. 식량이며 생필품 일일히. 사람이 메고 올라가나 ㅋ', '일부러 길없는 곳으로 가는 연출 그만해라.가짜 자연인 촬영도 ...사람이 사는데 길없는. 곳이 어디있나', '남자야 여자야', '밥은 잘 챙겨주고 일시켜야지ᆢ', '젊은시절에 어머니를위해 산에들어가신 효심이 존경스럽습니다', '넥기놈.  거기가. 어디인지 알려줄수. 없을까유']",최초 여성 자연인 등장 향기 자연인 문희 자연인 하이라이트,진짜 승윤 이형 본인 자연인 진짜 썸네일 장지수 꽈뚜룹 윤씨 정말 보이 방송 의문 전부 거짓말 산길 더체 식량 생필품 일일 사람 일부러 연출 가짜 자연인 촬영 사람 어디 남자 여자 일시 시절 어머니 위해 효심 존경 넥기놈 거기 어디
FD8CrW8xn_c,7년을 기다린 순간... 수지야!!!! '수지 : ??' | 헨리(Henry) - 'It's You' | #나라는가수,"['<a href=""https://www.youtube.com/watch?v=FD8CrW8xn_c&amp;t=100"">1:40</a>', 'Que lindo! Henry tão talentoso! Eu amo essa música e While You Were Sleeping', '수지야 오빠 노래한다---대박', '❤️', 'Goosebumps 🩷🩷🩷', 'Henry has never disrespected Korea, yet some haters spread false information. Stop it right now and just enjoy the music', 'This is one of the best live performances ive ever seen.', 'which drama they film?', 'Suzi baka ijw na kc yun😊', 'This is the highlight in the episode. So beautiful ❤️']",순간 수지 수지 헨리 나라 가수,  수지 오빠 노래 대박       
OzFca_CW5ns,[8회 하이라이트] 죄의식 1도 없는 악덕 전익령에게 💥당해주는 척💥 역관광하는 임지연 (ft. 연우의 자백) | 옥씨부인전 | JTBC 241229 방송,"['대한민국은 지금 공산화 직전의 상황입니다. 부정선거와 주사파에 대해 조사해보세요. 대한민국의 서방세계 무리에서 이탈하면 북한과 중국의 먹이감이 되고, 이 땅은 전쟁의 화마에 휩사이게 됩니다. 우크라이나 처럼요.', '자라나는 새싹들 즈려 밟는 돌아버린 클라스 배팅계의 애르메스 스포짱으로 초대합니다', '24시간 365일 내내 여러분과 함깨 할 준비가 되어있는 뷋팅업계 최고 스포짱으로 냉큼 오슈', '딴대서 억까 그만당하고 사대 잘맞는 스포짱에서 제대로함 놀아보입시다요', '대세는 이제 스포짱입니다.. 스포짱은 진짜 유행그 잡채 입니다.. ㅎ', '스포짱은 이렇게나 할게 많습니다. . 없는게 없는 진짜 꿀덩이리 스포짱', '스포짱이 머니?? 레알 팩트 개꿀 스포짱 지금바로 서치 하고 가읩 고고 해보아요', '슻포츠,까지노. 이슷포츠  없는게 없는 진짜 미칀 스포짱 … 시간낭비 그만하고 빨리 ㄱ', '이름이 그냥 촥촥 감기는게 안하고 배길수가 없다 미칀 이벤트와 혜택 다양한 겜까지..', '스포짱은 여러분과 함께 할 준비가 되었습니다.. 미쳐버린 겜들이 이렇게나 많이 ??']",하이라이트 의식 악덕 전익령 관광 임지연 연우 자백 옥씨 부인 방송,대한민국 지금 산화 직전 상황 부정선거 주사파 대해 조사 대한민국 서방 세계 무리 이탈 북한 중국 먹이 전쟁 화마 휩사이 우크라이나 처럼 새싹 클라스 배팅계 애르 메스 스포 초대 시간 내내 여러분 함깨 준비 뷋팅 업계 최고 스포 냉큼 오슈 대서 당하 사대 스포 제대로 대세 이제 스포 스포 진짜 유행 잡채 스포 진짜 덩이 스포 스포 레알 팩트 개꿀 스포 지금 바로 서치 가읩 고고 포츠 포츠 진짜 미칀 스포 시간 낭비 이름 그냥 촥촥 배길수 미칀 이벤트 혜택 스포 여러분 준비
i2Wf5zXoDrU,7년간의 장거리 연애 끝에 프러포즈 받은 날 | 우리의 첫 시작이었던 그곳에서 🇨🇦,"['분명 개그커플이였는데.. 모아서 보니 사랑이였다ㅠㅠ 넘무 축하해요..ㅠㅠㅠㅜㅜ엉엉엉', '이뿌다ㅠㅠ 축하드려요!!', '남자가 이래 책임을 져야지~ 구독!', '주모! 락스한잔 온더락으로!', '댓글에서 다들 울었다고해서 왜울지 했는데 저도 터져 버렷네요ㅠㅠ 예전 코로나 만남에서 울려버리더니 또 울려버리고!!!많은 사람들의 눈물이 두분의 축북이되어 더더더더 행복하세요~!!!!!', 'ㅠㅠㅠㅠ내가 드뎌 이날을 기다려왔다구요!!!!!!!! 나도 울어버렸다 😭 혜진 코타 행복하자❤', '추카해요엉니❤❤❤❤❤🎉🎉🎉🎉🎉😢😢😢😢😢😢엉엉', 'such a good loking couple full of love omfg idek you but this got recommended to me and i clicked bc i saw love and that was really heartwarming, thank you for sharing with us', '30만 되면 프로포즈 비하인드 궁금해요 ~봐도봐도 감동인데 어떻게  잘 준비했는지 ㅎ  코타  마니콧다요 ~😄', '하루에 한번씩 보면서 눈물줄줄해조야됨.<br>코타 혜진 수인 이 셋의 새로운 시작 이제부터다.']",장거리 연애 프러포즈 우리 시작,분명 개그 커플 사랑 축하 축하 남자 책임 구독 주모 락스 한잔 더락 왜울 버렷네 예전 코로나 만남 사람 눈물 축북 더더 더더 드뎌 혜진 코타 추카 엉엉  프로포즈 비하인드 감동 준비 코타 마니콧다 하루 한번 눈물 줄줄 해조 코타 혜진 수인 시작 부터
52U9ZHzMjxI,💚겨울에 떡국은 이렇게 드시는 것이 10배 맛있습니다,"['맛있겠네요 맛나요리님 😊건강하시고 요  감사합니다. 새해복많이받으세요!', '버섯 첨가하면 버섯냄새가 구미에 맞지않아요', '보다가 잠 자겠읍나다', '간단하게해먹는데^계란지단부치는게더귀찮을듯요~식구끼리먹을때는^맨나중에계란풀어넣고^그릇에뜬다음김가루뿌려서먹어도맛있어요', '구독  조아요', '간단 떡국 끓이기 잘 배우고갑니다.<br>새해복 많이 받으세요 😅😅😅❤❤❤', '다 필요없어요<br>떡국 국물은<br>사골국물에 참치액으로 간을 해보세요 <br>떡국맛집 맛 ~<br>당연 쇠고기 볶은건 옛날어른들 꾸미라 하죠 그건 마지막에 <br>넣고 계란 지단이랑<br>같이요~~', '맛나요리님 응원 합니다<br>나두 따라쟁이 해 보겠습니다 ~', '떡국고기를 양지를 넣으셨는데 양지는 좀 질겨서 오래 끓여야 부드러운 부위 아닌가요?궁금합니다', '2분이면ㅇ될걸']",겨울 떡국,요리 새해 버섯 첨가 버섯 냄새 구미  지단 식구 끼리 나중 계란 그릇 가루 구독 간단 떡국 새해 떡국 국물 사골 국물 참치 떡국 맛집 쇠고기 옛날 어른 마지막 계란 지단 요리 응원 따라쟁 떡국 고기 양지 양지 질겨 부위 
NKndiB86fWk,K-POP이 좋아서 한국에 왔다가 결혼에 출산까지 하게 된 일본인아내...,"['순산 축하드립니다.  조리원 잘 다녀오시고 가화만사성 기원드려요~', '순산 축하~~~~~ 구독!', '행복하게 사랑해주세요', '축하합니다..  엄마 닮아서 아기도 이쁘네요..  부디 행복하세요..', '순산 축하드립니다!!!!!!!!!!!!!!!!', '축하드려요. 산후몸조리도 잘 하셔서 건강하시길…', '축하드립니다', '축하드립니다 ❤❤❤🎉🎉🎉', '출산을 축하드려요 고생 많으셨습니다', 'ㅎㅎㅎ   애가  애를낳는구만,  츄카츄카']",한국 결혼 출산 일본인 아내,순산 축하 조리 가화만사성 기원 순산 축하 구독 사랑 축하 엄마 아기 부디 순산 축하 축하 산후 몸조리 축하 축하 출산 축하 고생 애가 츄카츄카
3ERvMGZDrHE,2NE1(투애니원) - Come Back Home+Fire+I Don't Care+UGLY+내가 제일 잘 나가♬,"['아 신나는데 울컥하고 몽글몽글거리고 막그러네 ㅠㅠ ㅋㅋㅋㅋㅋ이땐 초등학생이였는데 나만늙어😂', '씨엘 실력 엄청나네 몰랐는데 공민지도 너무 잘하고~ 멋있다', '무대를 씹어먹겠다는 기개가 느껴짐', 'Feliz Año Nuevo y rezando porque vengan a México', 'CL IS REALLY THAT MOTHERFKINGGGG GIRL , SHE CONTROLLLN THE STAGE', '산다라박은 언제나 이쁘네', 'We need new music goshh', 'QUEENSSS', '무대 보는데 너무 멋잇는데 왜 눈물이나냐 진짜 향수다 투애니원은', '<a href=""https://www.youtube.com/watch?v=3ERvMGZDrHE&amp;t=134"">02:14</a> 안찰랑거려요 누나..ㅋㅋㅋㅋㅋㅋ']",투애니원 제일,거리 초등학생 씨엘 실력 공민지 무대 기개   산다라박   무대 눈물 진짜 향수 투애니원 누나
uo6dsIqmhyg,[놀면 뭐하니?] 이보게 역술가 양반~ 내가 을사년에 연애할 상인가? | #놀면뭐하니? #유재석 #땡스투놀뭐프렌즈 MBC241228방송,"['역술가 말 솔직히 다 사기죠 믿지마세요 광규형님, 사람이 사람 미래를 어떻게 압니까 그럼 자기가 언제 어떻게 죽을지도 알게요? 그냥 광규형 욕심을 내려놓고 좋은 여자 만나세요~~ㅎ', '역술로 나라가 시끄러운데 mbc에서 이리 다루다니 정말 별로에요<br>연예인들 성향 티비서 다 나오는데 일반인도 예상할일인데<br>역술가님 대리 홍보해 주는건지<br><br>이런 관상,손금 안했으면 해요', '대한민국은 공산화 직전의 상황입니다. 주사파들은 이제 탄핵을 기점으로 대한민국을 한미일 공조에서 떼어낼것이고, 무리에서 이탈한 대한민국은 북중의 먹잇감이 될 것입니다. 우크라이나 처럼 전쟁의 화마에 휩싸이게 될것입니다. 여러분은 자유인에서 노예가 되어 살아갈 수 있나요? 부정선거와 주사파에 대해 조사해 보시고 목소리를 내주세요.', '무당도 불러주세요 무당이 재밋는데', '무한도전 맴버들 관상 봐줄때 진짜 웃겼음', '역술가님 얼굴이 잘 생기셨는데 배우하세요', '유재석 <br>중간 중간 끊지마라 .<br>중재라고 하는데<br>광규형  분량 짜르지마', '저 관상가 페미보다 더 짜치는 페미 옆에 붙어가 페미편 들면서 여자들한테 인기 주서먹는 인간이었음 <br>성재기님 한테 까불다가 개털리고 나락갔다가 오랜만에 기어나온거임', '김건희 한테는 역술이니 뭐니 하면서 TV에서는 역술을 조장하는 것인가?', '김광규씨 나오니까 재밌네요. 간 없는 음식에 소금간 한 느낌, 바람 빠져 물렁하던 풍선에 바람들어간 느낌, 기운 빠진 노인네에게 근육을 만들어준 느낌, 맹물에 차를 탄 느낌임']",이보 역술 양반 을사년 연애 상인 유재석 땡스투놀뭐 프렌즈 방송,역술 사기 광규 형님 사람 사람 미래 자기 언제 그냥 광규 욕심 여자 역술 나라 정말 별로 연예인 성향 티비 일반인 예상 역술 대리 홍보 관상 손금 대한민국 산화 직전 상황 주사파 이제 탄핵 기점 대한민국 한미 공조 무리 이탈 대한민국 북중 먹잇감 우크라이나 처럼 전쟁 화마 여러분 자유 노예 부정선거 주사파 대해 조사해 보시 목소리 무당 무당 재밋는데 무한도전 버들 관상 진짜 역술가님 얼굴 배우 유재석 중간 중간 중재 광규 분량 짜르 관상 페미 페미 페미 여자 인기 주서 인간 성재기 나락갔다 거임 김건희 역술 역술 조장 김광규 음식 소금 느낌 바람 풍선 바람 느낌 기운 노인 근육 느낌 맹물 느낌
t9gvFFjXx-8,안 사귀어 주는 남자,"['여러분 2025년도 새해 복 많이 받으세요~🎄🌟❤<br><br>인스타그램<br>픽고 PICKGO <a href=""https://www.instagram.com/pick_go_/"">https://www.instagram.com/pick_go_/</a><br>민아(정구현 배우) <a href=""https://www.instagram.com/leonuna_a/"">https://www.instagram.com/leonuna_a/</a><br>현욱(김동영 배우) <a href=""https://www.instagram.com/yagobo_"">https://www.instagram.com/yagobo_</a> /', '그러게 누가 얼굴만 보고 만나래ㅋ', '어느 학교든...어느 회사든...주위에 저런 여자들 조심하세요', '민아편 너무 재밌다', '자라나는 새싹들 즈려 밟는 돌아버린 클라스 배팅계의 애르메스 스포짱으로 초대합니다', '24시간 365일 내내 여러분과 함깨 할 준비가 되어있는 뷋팅업계 최고 스포짱으로 냉큼 오슈', '딴대서 억까 그만당하고 사대 잘맞는 스포짱에서 제대로함 놀아보입시다요', '대세는 이제 스포짱입니다.. 스포짱은 진짜 유행그 잡채 입니다.. ㅎ', '스포짱은 이렇게나 할게 많습니다. . 없는게 없는 진짜 꿀덩이리 스포짱', '슻포츠,까지노. 이슷포츠  없는게 없는 진짜 미칀 스포짱 … 시간낭비 그만하고 빨리 ㄱ']",남자,여러분 년도 새해 인스타그램 배우 배우 누가 얼굴 보고 나래 학교 회사 주위 저런 여자 민아 새싹 클라스 배팅계 애르 메스 스포 초대 시간 내내 여러분 함깨 준비 뷋팅 업계 최고 스포 냉큼 오슈 대서 당하 사대 스포 제대로 대세 이제 스포 스포 진짜 유행 잡채 스포 진짜 덩이 스포 포츠 포츠 진짜 미칀 스포 시간 낭비
55brpxSTMwg,푸름과 여름(青と夏) - Mrs. GREEN APPLE / COVER by LILPA,"['하루를 시작하기 매우 좋은 노래', 'Mr&#39;s green apple 노래 좋은게 많네', '이 노래가 나온지 일주일도 안 지났는데 벌써 작년 노래가 됬내요..<br>좀 지나긴 했어도 다들 새해 복 많이 받으세요!!', '첫번째는 청량한 릴파님의 보컬에<br>두번째는 뮤비 액션과 퀄리티에 대해<br>세번째는 왜 이세돌 멤버들이 울고있는지에 대해<br>네번째는 전체적인 스토리와 연출에 대해<br><br>마지막으로 이 모든걸 한번에 보면서 정말 감동받았습니다', '좋은 노래 항상 감사합니다 릴파님과 이세돌분들 그리고 작업자분들께 감사의인사를드립니다 새해엔 더욱 좋은일들 가득하시길 !', '너무 좋아요 ㅜㅜ', '이런 커버 감사합니다..', '지나간 나날들이 떠오르고 &#39;왜 그렇게 지나가게 두었을까&#39; 하고 마음이 아련해져요<br>그리고 다가올 나날들은 기억에 남을 수 있게, 소중히 보낼 수 있게 의지를 불어 넣어주시네요<br>감사합니다 :)', '퀄리티가 여기서 더 올라갈곳이 있나?-&gt;있음-&gt;더있나?-&gt;있음<br>반복... 기대컨 해야하는데 정신 차리고 보면 제 기대컨은 이미 가루가 되어버리더라고요ㅠㅠ<br>정말 잘 봤습니다', '❤❤❤❤❤']",여름,하루 시작 매우 노래 노래 노래 일주일 벌써 작년 노래 새해 릴파님 보컬 두번째 뮤비 액션 퀄리티 대해 세번 이세돌 멤버 대해 전체 스토리 연출 대해 마지막 한번 정말 감동 노래 항상 릴파님 이세돌 업자 감사 인사 새해 더욱  커버 나날 마음 나날 기억 의지 불어 퀄리티 여기 반복 대컨 정신 대컨 가루 정말 
76BVBdsOXrI,G-DRAGON(지드래곤) - POWER+맨정신+삐딱하게 (Crooked)♬,"['oh my god his shoes!!!!🤩😍', '보기 불편하다는 분들은<br>제발 들어오지 마시길 ...<br>난 그런분들이 더 불편하니까 ...<br>잠깐 틈내서 다녀감 ❤', '이영상 맘에 안들면<br>안보고 안들음 되는거지 ㅠ<br>지디 팬이라면서 교묘하게<br>이때다 싶어서 악플다는<br>사람들은 뭐임 !!!!!<br>맘에 차면 자칭 팬<br>그렇지않음 상처 내기에<br>급급한 사람들이 <br>진짜 팬일까 싶네요 😢', '너무 멋짐♡♡', '저는 솔직히 말해서 지디가 왜 욕먹어야 하는지 모르겟습니다. 지디가 욕먹는 이유중 하나가 인이어 문제인제 시엘도 이번에 인이어를 뺏고 다른 가수들도 인이어를 빼고 무대를 한적이 많으므로 인이어 문제는 문제되지 않는다는 입장이 있는데요, 엄연히 말하면 지디의 상황과 방금 위의 상황은 완전히 다릅니다. 다른 가수들은 보통 노래를 할 때 오른쪽 인이어를 뺍니다. 하지만 지디는 왼쪽 인이어가 안나온다고 주장했고요. 이는 오른쪽과 왼쪽이 각기 다른 역할을 하기 때문입니다. 제가 알기로는 오른쪽에는 지금 나오는 자신의 목소리 그리고 왼쪽에는 mr이 나오는 것으로 알고 있습니다.(지디가 이번 영상에서 반주는 안맞은 부분이 있엇지만, 자신의 목소리가 작게 나온다는 것을 인지한 부분에서도 유추할 수 있습니다.) 때문에 다른 가수들은 노래에 집중하기 위해서 자신의 목소리를 듣지 않으려고 인이어를 뺀 것이지만 지디는 박자가 안들리는 상태에서 무대를 했다는 것입니다. 둘째로는 마이크 문제입니다. 지디가 마지막에 메리 크리스마스라고 평소 말하는 목소리로 말을 했을때는 방송에서 전혀 목소리가 들리지 않을 정도로 마이크 소리가 심각하게 작았습니다. 그렇기 때문에 지디가 목을 긁고 소리를 더 지르게 된것인데 이를 트집잡고 실력논란이 나온다는것은 옳지 않다고 봅니다. ( <a href=""https://www.youtube.com/watch?v=76BVBdsOXrI&amp;t=353"">5:53</a> 이 애드립은 소리지른거 아니고 굉장히 유명한 애드립입니다.)<br>지금 지디가 독감걸린 상태에서도 팬분들을 위해 최선을 다 해주엇는데 정작 돌아오는 것은 악플과 실력논란이라는 것이 저는 너무나도 슬프고 화가 납니다. 부디 오랜만에 돌아와준 지디가 더이상 상처받지 않게 칭찬과 응원을 보내줍시다!!!', '지디무대는 직캠이 유명하지만 공식 무대도 보게 되네', 'Good morning GD ❤', '4k 보고오셈 멋진무대룰 방송이 망칠수있는거 첨 알앗음 ㅋㅋ', '화질 음질 다 개구리네 다른 가수들도 다', '제스처 하나하나가 진짜 다 간지다... 안오그라듬....']",지드래곤 정신, 보기 제발 잠깐 보고 면서 사람 뭐임 자칭 상처 내기 사람 진짜  이유 하나 문제 인제 시엘 이번 다른 가수 무대 한적 문제 문제 입장 상황 방금 상황 다른 가수 보통 노래 오른쪽 왼쪽 주장 오른쪽 왼쪽 각기 다른 역할 때문 알기 오른쪽 지금 자신 목소리 왼쪽 이번 반주 부분 자신 목소리 인지 부분 유추 때문 다른 가수 노래 집중 위해 자신 목소리 박자 상태 무대 둘째 마이크 문제 마지막 메리 크리스마스 평소 목소리 방송 전혀 목소리 정도 마이크 소리 때문 소리 트집 잡고 실력 논란 애드립 소리 애드립 지금 독감 상태 위해 최선 해주 정작 악플 실력 논란 화가 부디 이상 상처 칭찬 응원 무대 직캠 공식 무대  무대 방송 화질 음질 개구리 다른 가수 제스처 하나 하나 진짜 간지 오그
1JRqJYxJ3DI,앞으로 넘어야 할 난관이 이거 뿐이겠어💪🏻,"['그래도 우리 수빈님은<br>병 진행이 너무나 더딘 거 같아서<br>한편으론 정말 다행인 거 같습니다...<br>부디 여기서 멈추길', '바두가 장기나 오목 두시는 것도 좋을 것 같아요 가족끼리 소소한 내기 하기도 좋고 그냥 밥먹고 습관처럼 하기 재밌어요', '올 한해도 소식 계속 전해주어서 고맙습니다. 외로운 나날이지만 수빈님 영상 볼 때 마다 제가 마치 가족 일원이라도 된 것 처럼 마음이 따뜻해져요. 항상 행복하시길 늘 응원할게요. 새해 복 많이 받으세요!', '환자3은 누구인가요?', '치매도 루게릭도 다 관심을 갖고 도움을 주고 힘이 되는 좋은 말을 자주 해줘야해유.', '1월1일이네요 가족들의 화목함과 건강함 행복을 위하여 파이팅입니당🍀🍫🍒🍰🍬🪽달달한 2025년 되세용~✨🌹', '수빈님 발 받침대 하면 어떨까요?', '아름다운 수빈 씨와 식구분들 모두에게 건강하고 복된 한 해가 되길 기원합니다!', '새해 복 많이받아요 뚜빈님가족 💚🩷', '수빈님  열심히보는  중  궁금한점 있어물어봅니나  아버지께서는  안나오시는것같아  혹시안계신가요  ?']",난관,우리 수빈 은병 진행 한편 정말 다행 부디 여기 바두 장기 오목 두시 가족 끼리 내기 그냥 습관 한해 소식 계속 나날이 수빈 마다 마치 가족 일원 처럼 마음 항상 응원 새해 환자 누구 치매 루게릭 관심 도움 자주 가족 화목 행복 파이팅 달달 수빈 받침 수빈 식구 모두 기원 새해 뚜빈 가족 수빈 아버지 시안
HM3Qz_aR3_s,최화정이 실물보고 깜짝 놀란 소년미 '송중기'의 신혼이야기 (+초콜릿카레),"['처음 만난 송중기는 소년 같은 얼굴에 싹싹하고 솔직한 매력의 후배였어요😊와이프랑 아이들 얘기할 땐 너무 행복해 보였고, 영화 얘기할 땐 작품에 대한 애정과 책임감이 느껴졌답니다🤗 &lt;보고타:마지막 기회의땅&gt; 12월 31일 개봉이래요🥂 응원 댓글 남겨주신 분께 카누에서 커피머신까지 10분께 드린다네요♥ 우리 캔디들 행복한 연말 보내요💕', '오늘도 편안하고 즐거운 영상 감사해요~❤ 대학생이라 자취하는데 인스턴트 커피 말고 캡슐커피 머신 있으면 넘 좋 것 같아요🥹 보고타도 최화정님 올해 다른 영상들도 기대해요!!', '송중기와 함께한 특별한 시간을 공유해주셔서 감사합니다! 송중기의 외모와 성격에 대한 칭찬이 인상적이네요. 그의 친근하고 다정한 성격이 주위를 편안하게 만들어준다는 것은 정말 멋진 일이에요. 카레와 새우튀김을 준비한 것도 좋았지만, 더 맛있는 음식을 준비하지 못한 것에 대해 후회하셨다니, 다음에는 더 멋진 식사를 준비할 수 있을 거예요.<br><br>12월 31일에 개봉하는 송중기의 영화 &quot;보고타-마지막 기회의 땅&quot;을 기대하고 있을 거예요. 저도 이 영화를 꼭 보고 싶어요.<br><br>커피머신을 선물로 주신다는 소식도 좋네요! 커피 한잔의 여유는 정말로 피곤함을 날려줄 수 있어요. 이 기회를 통해 더 많은 분들이 커피의 향기와 맛을 즐길 수 있기를 바래요.', '<a href=""https://www.youtube.com/watch?v=HM3Qz_aR3_s&amp;t=97"">1:37</a> 아무거나 추천해주시는게 아니라 사용해보고 먹어보고 좋은 것만 캔디들한테 알려주시니까 역시!!\r<br>커피를 아메리카노만 마시는데 카누 스틱말고 커피머신과 캡슐도 있다니 슬림해서 하나 들여놓고 싶은 욕심생기네요ㅎㅎ \r<br><a href=""https://www.youtube.com/watch?v=HM3Qz_aR3_s&amp;t=322"">5:22</a> 첫 만남이라 어색할만도 한데 올리브오일 덕분에 대통합 시작? 중기님 잘생겼는데 성격이 친근한 댕댕이 느낌이시네요^^\r<br><a href=""https://www.youtube.com/watch?v=HM3Qz_aR3_s&amp;t=747"">12:27</a> 코로나 이전과 이후에 찍다니.. 고생해서 촬영한 만큼 보고타-마지막 기회의땅 꼭 봐야겠네요. \r<br><a href=""https://www.youtube.com/watch?v=HM3Qz_aR3_s&amp;t=1171"">19:31</a> 샐러드, 카레, 새우튀김 거기다 디저트에 이어 전복까지~ 함께 하는 분들에게 아낌없이 나누는 모습이 역시 최고~\r<br>맛있는 요리들과 함께 중기님 근황도 재밌게 알 수 있어 이번 편도 꿀잼이었습니다. 역시 믿고 보는 채널!🙏💚', '자연스럽게 아내분 이야기가 나오는 걸 보니까 행복하게 잘 지내시는 것 같습니다.<br>화정님과의 케미도 처음 만난 것 같지 않고 훈훈하네요.<br>새해 복 많이 받으세요.', '영상이 너무 짧게 느껴져요~ 저도 푹 빠져봤네요~~~😊', '정말 행복한 모습에  풀버전 다시보러 왔어요.  응원합니다^^  올리브유 추출은 정말 부럽네요~^^', '송중기 똑쪽하네요  자기가 원하는 인생을 살고 있는 것 같아요', '게스트 섭외력 대박!<br>송중기님 요즘 영화 홍보하러 여기저기 나오시는데 예전이랑 이미지가 많이 달라진 느낌이더라고요.<br>더 진중하고 차분해진 느낌?<br>좋은 가정에서 행복하게 지내고, 일도 잘 해내며 사시니 항상 행복할 것 같아요😊<br>두 분이 연이 있으셨나 했는데 처음 뵌다는 거에 놀랐어요.<br>처음 만난 것치고 서로 공통 관심사도 있고 잘 맞네요!<br>편안한 분위기로 식사하며 이야기하니까 보기 편하고 더 재밌네요.ㅎㅎ<br>카누 바리스타 캡슐커피머신 나왔을 때 엄청 놀랐던 기억이 나요.<br>이젠 커피머신까지 만들다니!<br>역시 한국 최고의 커피 브랜드다 싶었어요.ㅎㅎ<br>디자인도 심플해서 어떤 주방에도 잘 어울릴 것 같고 크지 않아서 공간 차지 많이 안 하는 게 마음에 들어요!<br>거기다 찾아보니 생각보다 가격이 합리적이네요?<br>엄청 비쌀 줄 알았거든요.<br>어머니가 가게에 하나 놔드리고 싶네요~.', '능력남은 한국여자 안만나지❤ 행복해 보여서 다행']",최화정 실물 보고 깜짝 놀란 소년 송중기 신혼 이야기 초콜릿 카레,처음 만난 송중기 소년 얼굴 매력 후배 와이프 아이 얘기 영화 얘기 작품 대한 애정 책임감 보고타 마지막 기회 개봉 응원 카누 커피 머신 우리 캔디 연말 오늘 대학생 자취 인스턴트 커피 캡슐 커피 머신 보고타 최화정 올해 다른 송중기 시간 공유 송중기 외모 성격 대한 칭찬 인상 성격 주위 정말 일이 카레 새우 튀김 준비 음식 준비 대해 후회 다음 식사 준비 개봉 송중기 영화 보고타 마지막 기회 영화 보고 커피 머신 선물 소식 커피 한잔 여유 기회 통해 커피 향기 거나 추천 사용 보고 캔디 역시 커피 아메리카노 카누 스틱 커피 머신 캡슐 슬림해 하나 욕심 만남 올리브오일 덕분 통합 시작 중기 성격 댕댕 코로나 이전 이후 고생 촬영 만큼 보고타 마지막 기회 샐러드 카레 새우 튀김 거기 디저트 전복 모습 역시 최고 요리 중기 근황 이번 편도 역시 채널 자연 아내 이야기 화정 케미 처음 만난 새해  정말 모습 버전 다시 응원 올리브유 추출 정말 송중기 똑쪽 자기 인생 게스트 섭외 대박 송중기 요즘 영화 홍보 여기저기 예전 이미지 느낌 가정 일도 사시 항상 처음 처음 만난 서로 공통 관심사 분위기 식사 이야기 보기 카누 바리스타 캡슐 커피 머신 기억 커피 머신 역시 한국 최고 커피 브랜드 디자인 심플 주방 공간 차지 마음 거기 생각 가격 합리 어머니 가게 하나 능력 한국 여자 다행
EFHiAVUe9t4,칭찬 쏟아지는 떡국🥇 국물에 '2가지'넣으세요. 찐한 국물에 2그릇 뚝딱!,"['오늘 만들어 먹었읍니다. 육수 다시다 + 고기로 만드니 환상 입니다,   감사드립니다', '떡국 한그릇 먹으면 올한해 건강할것같읍니다 선생님  강좌가  번창했으면 좋게어요😊', '어머니~ 저 고기국물로 떡국말고 무슨 국 가능할까요?', '딸을 위한 레시피님 새해 복 많이 받으세요~ 선생님 덕분에 맛있는 음식 잘 먹고 있습니다. (중부지방 음식 스타일이라 깔끔하고 식구들 입에 잘 맞아요~😊) 올 한 해도 건강하시고 하시고자 하시는 일 다 성취하시는 한 해 되시기 바랍니다. 항상 감사합니다!!😊❤', '새해 첫날 만들어 먹었어요. 저는 지단 대신 계란을 풀어 넣었어요. 자극적이지 않으면서 감칠맛 나고 속 편한 한끼였습니다! 🙂', '와!! 방금 해 먹었는데 너~~~무 맛있어요&gt;&lt; 매번 엄마가 끓여주는 떡국만 먹다가 결혼하고 처음으로 제가 끓여봤는데 요리 똥손인 제 손에서 이런 맛이 탄생하다니!! 파는 것 보다 더 맛있는 감동적인 맛이예요👍🏻 곰탕 국물 같기도 하면서 이렇게 찐한 고기국물이라니! 타 유튜버 레시피보다 시간이 좀 걸리긴 하지만 정성이 더 들어가서인지 정말… 더 하지 않은 걸 후회할 정도로 너무 맛있었어요👏🏻👏🏻 딸을 위한 레시피님, 엄마 추천으로 알게 된 채널인데 앞으로 신봉할 거예요🥰 감사해요!', '오늘아침 떡국 이렇게끓였는데<br>첫술에 맛있다가 아닌 먹을수록 은근히 은은하게 개운한 자극적이지 않은맛이나서 다들 두그릇씩 먹었어요<br>2025년에도 맛있고 신박한메뉴 기대하고 있을께요', '감사합니다 새해복많이받으세요 <br>떡국 잘 먹었습니다<br>다음요리는 팔보채??? ㅎㅎ', '떡 따로 끓이는 건 생각도 못했네요. 내일 설날 아침 해보겠습니다!', '새해 복 많이 받으세요.❤']",칭찬 떡국 국물 가지 국물 그릇 뚝딱,오늘 읍니 육수 다시다 고기 환상 감사 떡국 그릇 한해 읍니 선생님 강좌 번창 어요 어머니 국물 떡국 무슨 레시피 새해 선생님 덕분 음식 중부지방 음식 스타일 식구 해도 성취 항상 새해 첫날 지단 대신 계란 자극 감칠맛 방금 매번 엄마 떡국 결혼 처음 요리 똥손 탄생 감동 곰탕 국물 국물 유튜버 레시피 시간 정성 정말 후회 정도 레시피 엄마 추천 채널 신봉 오늘아침 떡국 은근 자극 그릇 메뉴 새해 떡국 다음 요리 팔보채 생각 내일 설날 아침 새해
BfhCXNuSVoA,건강하게 𝟐𝟎𝟐𝟓년도 파이티잉~🥂.ೃ🍾࿔*:･ | 127 VIBE EP.8 ❪2024년 느좋 송년회❫,"['유타 한국콘서트. 기다립니다', '근데 왜 재현이 입대 자컨은 안주시나요?', 'Realmente no entendí de que iba ese último juego, pero todos se rieron mucho, así que fue divertido de ver  😀', '<a href=""https://www.youtube.com/watch?v=BfhCXNuSVoA&amp;t=1113"">18:33</a> 얘들아 이게 양자역학이야 슈뢰딩거의 고양이.. 존재한다고 생각하면 있는 거고 존재하지 않다고 생각하면 없는 뭐 그런..', 'Sooo warm🥹🥹🥹 love urichil❤❤❤❤❤', 'It’s been long time to see them together this content made my night warm I love u ilichil', 'i looove you my urichiiilll &lt;33', '어제 봤는데 또보고있음… 중독성 미쳐써엉~!!내 다운 미쳤어엉~(ㅈㅅ)개재밋음 뭐여', 'Nctالحلويين', '127💚']",년도 파이 티잉 느좋 송년회,유타 한국 콘서트 재현 입대 자컨  양자역학 슈뢰딩거 고양이 존재 생각 존재 생각    어제 중독 다운 개재 밋음  
xsiAnU1GU7o,불타는 효녀,"['???: 덜 익었네?<br><br>???: 웰던이네?<br><br>???: 저는 익힘의 정도를 중요하게 생각하거덩요. 어머니, 보류입니다.', '아이네님의 노가리는 언제나 마싰습니다...<br>아이네님같은 좋은사람과 여행을 떠난다면 너무 여행이 즐거울거같아요!!!', '펩시제로는 티가 확나는데... 코카콜라는 제로던 오리지널이던 너무 달아 끈적끈적하고', '아성재 대박이넹', '펩시제로 특 왓다콜라맛남', '다들 새해 복 많이 받으세요❤', '논알콜 소믈리에에 이어서 논효도 밥상리에까지 ㄷㄷ 놀랍습니다', '아이넴도 뚤기들도 새해 복 많이 받으세요 💜', '<a href=""https://www.youtube.com/watch?v=xsiAnU1GU7o&amp;t=69"">1:09</a> 코카콜라파 인데  이제부터 펩시 제로만 먹을거임', '저도 물맛 맨날 구분해서 맨날 집에 똑같은 물만 있습니닥']",효녀,웰던 정도 생각 거덩 어머니 보류 아이 노가리 마싰습 아이 사람과 여행 여행 펩시 제로 코카콜라 제로 리지 아성 대박 펩시 제로 왓다 콜라 맛남 새해 알콜 소믈리에 효도 밥상 아이넴 뚤기들 새해 코카콜라 이제 펩시 제로 물맛 구분 있습니닥
izlTBLQca3Y,"""너 기안84 옆에 있지마"" 한혜진vs이시언의 기안 콩고물 쟁탈전🔥｜세얼간이, 삼남매 케미, 기안이쎄오, 먹방, 강원도 양구","['Yess..subbtitle indonesia ada 😍', '왜  백만이  않되죠 ????', '셋이 나오면 재밌어😊', '빵터짐 ㅋ ㅋ간만에  웃음요', '이래서 저렇고 저래서 저렇고 평가 하지말고 <br>그냥 순수하게 보고 재미있으면 장땡 ^.^<br>난 세얼간이가 제일 좋압', '진짜 3명 환상의 콤비네 편집도 좋고 재밌다', 'Lol I can&#39;t believe someone would fight with ChatGPT', '궁예 방역😂', '담배~백자도 있었지요ㅎㅎ', '세얼간이는 언제나 재미있네요~^^<br>시언님 이사가시는거 축하해요~~']",기안 한혜진 이시언 기안 고물 쟁탈전 세얼간이 남매 케미 안이 먹방 강원도 양구, 백만이  간만 웃음 래서 평가 그냥 보고 장땡 세얼간이 제일 좋압 진짜 환상 콤비 편집  궁예 방역 담배 백자도 세얼간이 시언 이사 축하
pCv8zNqi7Yg,"🎂성심당에서 뭐 먹어야함? | 튀김소보로, 과일시루, 딸기모짜르트, 보문산메아리, 아몬드크로와상, 야끼소바빵, 부추빵, 순수롤, 요거트롤, 스톨렌, 파네토네, 오징어먹물방망이","['업로드 되자마자 달려왔습니다🏃\u200d♀🏃\u200d♀ \r<br>오늘도 잘볼게요!! 🫶 새해 복 많이 받아요💗', '빵을 보는 저 걱정어린 눈빛. 고생하셨어요~', '진짜 여기가 이리 유명해질줄이야,, 예전에 나고등학교때 거의매일들리는곳이었음.. 고등학교가 가까워서ㅋㅋ<br>가면 빵 종류별로 다 시식할수있게 해놨고 케이크도 한판통째로 시식하는 시간대가있었음ㅋㅋ 학교끝나고가서 성심당빵코너한바퀴돌면 배불러져서 은행동에서 놀다집에가곤했었는데ㅜㅜ 지금은 들어가기도 벅찬곳이 되버렸네<br>근데 절대눈치안주고 오히려 빵도 더잘라주고.. 케이크도 더먹으라하고 친절과 맛 가격은 그대로인듯😊', '고딩때 성심당 비싸다고생각했는데<br>가격이 거의 안올라간 지금 시점에선<br>혜자가격임', '우재형 a-2 집에 들이셨군요!', '걍 그 가격에 싸서 먹는거지<br>다른 맛있는 집이 훨씬 많음.<br>케잌은 투썸이 젤 맛있음', '먹방이니만큼 가운데 젤 맛난부분 먹어주세여ㅠ 배려하느라 일부러 끝부분 위주로 드신거같은데 흑흑', '말랐는데 단것을 완전 좋아하나봐요   저랑은 입맛이 정반대...저는  부추빵 좋아하고 튀김소보르 극혐인데', '빵 ㅠ 왜맛없는거만 사옴…ㅠ', '형 가죽 입은거이뻐요']",성심당 튀김 소보 과일 시루 딸기 모짜르트 보문산 메아리 아몬드 크로와상 야끼소바 부추 순수 요거트 스톨 파네토네 오징어 먹물 방망이,업로드 오늘 새해 걱정 눈빛 고생 진짜 여기 예전 고등학교 거의 매일 고등학교 가면 종류 별로 시식 케이크 한판 통째 시식 시간대 학교 성심당 코너 바퀴 은행동 다집 지금 절대 눈치 안주 오히려 케이크 친절 가격 그대로 고딩 성심당 생각 가격 거의 지금 시점 혜자 가격 재형 가격 다른 케잌 투썸 먹방 만큼 가운데 부분 배려 일부러 부분 위주 단것 완전 입맛 정반대 부추 튀김 보르 극혐  가죽
b8w6XwnlAoY,[SUB] 크리스마스에 박효신이 올까요? - 네. | 박효신 | 살롱드립 뽀나스,"['연말엔 짐빔 하이볼과 함께~🎄🧑\u200d🎄<br>대장님이 마신 짐빔 하이볼 진저가 궁금하다면?<br>➡<a href=""https://www.jimbeam.co.kr/"">https://www.jimbeam.co.kr/</a>', '크리스마스 선물이였지만 새해 선물로도 받으려고 다시 보는중인데...대장! 또 나와주면 안되까???ㅋㅋㅋㅋ', '군악대출신인데 박효신님과 비슷한시기 입대해서 군악대 내내 같은 행사장에 있어서 귀호강 엄청 했었던 기억이 나네요^^ 군인들이 앵콜로 눈의꽃 요청했는데 mr이 준비가 안되서 무반주로 엄청 감미롭게 불러주셨던 대장님 너무 반갑네요!!', '흰둥이 잠옷 귀엽다', '행복합니다^^', '인싸였네 연예인친구없는 연예인도 많던데 장도연보다 효신이형이 더 작아보이는게 귀여워...그리고 목소리가asmr같네', '박효신 공연은 진짜 죽기전에 꼭 봐야되겠에요. 와, 공연에 쏟아붙는 열정이 느껴져여…', 'I really want to see yeon seok and sobin on salon drip 😩', 'Merry Christmas Park Hyo-Shin!! Have a Happy and Blessed New Year!! Much Love Motown USA!!❤', '일주일 째 영상을 못보겠다<br>너무 귀하잖아 이가']",크리스마스 박효신 박효신 살롱 드립 나스,연말 짐빔 하이 대장님 짐빔 하이 저가 크리스마스 선물 새해 선물 다시 대장 군악대 출신 박효신 입대 군악대 내내 행사 호강 기억 군인 앵콜 요청 준비 무반 주로 대장님 흰둥이 잠옷  연예인 친구 연예인 장도연 이형 목소리 박효신 공연 진짜 공연 열정   일주일
MmONqKigHEs,카리나×안유진(aespa×IVE) - Killer (원곡 : Valerie Broussard)♬,"['DADADADADADADADADADADADADADADADADADAMN', 'Legendary', '마블 히어로들끼리 만난느낌', 'unexpected collaboration🤍yujin&#39;s expression outshined karina&#39;s.', 'Какие же они сэксуальные люблю их обеих к ним бы ещё Миён', 'WHAT THE HECK IS THISSSSS OMG THIS IS INSANE!!!😭😭😩💕', '와.. 카리나랑 안유진이 한무대에 서게돼는걸 보게됄줄이야... 진짜 둘이 완전 잘어울리고 헤메코도 레전드임.. 올해 무대중 최고다.. 이런 콜라보무대 많이 했으면 좋겠다..', '새벽에 작업하다가 힘들 때마다 보러 옴.', 'BTS 😡😡😡😡😡twice', 'blessed with 2 collab from Karina in 2024, more next year please']",카리나 안유진,  마블 히어로 끼리 만난 느낌    카리나 안유진 무대 진짜 완전 헤메 레전드 올해 무대 최고다 콜라보 무대 새벽 작업  
qLwLAp5yxgE,"『 쿵, 하고 내 마음에 내려 앉았다 』 | ⌁❤︎⌁ 1기 지성&시온 | 어색하지만 괜찮아 Returns EP.1-2","['this dating show in disguise', 'came here after jisung&#39;s last weverse live &amp; it&#39;s actually a good thing that they put them in this program because jisung has no 02z friend before🥹 but in the last live he said that he really wanna keep in touch &amp; make the friendship worked, seems like they also have played LoL together💕', 'want to see JENO &amp; YUSHI pleaseeeee', 'RYO and JAEMIN 🤭🤭🤭', '제희 재노 좋은듯', 'thought i landed into gmmtv then found out it&#39;s just kpop idols blindating', 'ryo jaemin plis 😂', 'Jaemin and Ryo baby  please.....', 'Yang wajib jadi tamu Awsaz tuh Wishie Jisung  X  all member ga sih?  Kayaknya kalau bintang tamu keduanya antara member 127×Dream×WayV meskipun ga akrab tapi setidaknya mereka udah ga canggung satu sama lain', 'Jeno tuh kayaknya bakal santai aja gak sih, aku ngerasa dia pinter dalam mengatasi keadaan😄💚']",마음 지성 시온,         
S4sZ-kgSZL8,#나라는가수인독일 2화 선공개ㅣ수지(SUZY) - '화장을 고치고' | #나라는가수,"['오라 ㅣㄴ 만이네..이노래', '태연의 들후 와', 'I love singer suzy', '가수였냐ㅋ ㅋ', '수지는 보기만해도  힐링데는되  노래까지 잘부르니    앞으로   연기와 노래도  더많은활동 기대합니다', '저는 한국어를 한 마디도 알아들을 수 없지만, 이 노래는 제 마음을 깊이 울렸습니다.', 'she&#39;s beautiful, has lovely voice, amazing actress, literally a perfect woman, love suzy 💓', '1 millón de vistas para esta hermosa presentación de Suzy 💕', 'suzy&#39;s tone is so sweet like her', '와 음색 미쳐']",수인 독일 선공 수지 화장 고치 나라 가수,오라 만이 노래 태연   수지 보기 만해 힐링 노래 연기 노래 활동 한국어 마디 아들 노래 마음 깊이    음색
OXSbw08Poqg,"(ENG) 장도연 | “마지막에 나래 옆에 있는 건 나야...❤” | 절친의 조건, 불화설, 결혼 눈치싸움, 크리스마스 편지 [나래식] EP.15","['오늘은 쉬는날이에요?', 'Sung Hoon, Sung Hoon, Sung Hoon I love to watch him eat ❤❤❤❤❤❤', '여지껏중 제일재미있었음', 'ㅇ ㅏ 진짜 둘이 넘흐 좋타!!!!!!!!!', '장도연 이상형 공룡상이면 공유아닌가요! 또 망붕', '사랑이지 뭐', '여자들의 우정이 너무 좋다..', '언니들 정말 성격 완전 좋아용❤❤', '부러워요. 저한테도 그런 친구가 있었는데 결혼과 함께 그녀는 떠나갔거든요ㅋㅋㅋㅋㅋㅠㅠ <br>언니들 우정 참 부럽네요 ❤', '머슴 메모리ㅋㅋㅋㅋㅋㅋㅋㅋㅋㅋ <a href=""https://www.youtube.com/watch?v=OXSbw08Poqg&amp;t=133"">2:13</a>']",장도연 마지막 나래 나야 절친 조건 불화설 결혼 눈치 싸움 크리스마스 편지 나래,오늘  여지 제일 진짜 넘흐 장도연 이상형 공룡 상이 공유 망붕 사랑 여자 우정 언니 정말 성격 완전 친구 결혼 그녀 언니 우정 머슴 메모리
XYBX6X8uuds,"전문점 동태찌개 이것만 기억하세요! 동태의 시원함을 살리는 특별한 비법 | 동태찌개 맛있게 끓이는법, 동태탕, 해장국","['항상  진심가득한   마음  기ㅣㅁ사드려요', '동태찌게가 시원한 맛내기가 힘든데 한번 따라해 볼게요<br>근데  동태는 짠물에 몇분정도 담갔다가 빼는게 좋은지요?  ㅎ<br>디테일하게 올려준 영상 항상 감사하게 보고있습니다^^<br>황태국을 따라서 해봤는데 넘 맛있더라구요^^', '동태찌개 항상 실패했는데 이방법으로 도전 하겠습니다 땡큐요~', '최고로 시원하면서도<br>담백한 맛', '맛있겠다..', '항상 좋은레시피 감사합니다<br>날도 추워지고 칼국수 좋아하는데 쫄깃탱탱한 칼국수면 어떻게 만드는지 실험해주실수 있나요? 😅', '오징어를 조금 넣으면 시원해요', '항상 비교하면서 보여주시는 성의가 대단하신거 같아요', '동태찌게 낼  이대로  꼭 만들어 볼려고 합니다   감사합니다', '감사합니다. 따라해봐겠네요~^♡^']",전문점 기억 동태 비법 동태 찌개 동태 해장국,항상 진심 마음 사드 동태 찌게 맛내기 한번 동태 짠물 정도 디테 항상 태국 따라서 동태 찌개 항상 방법 도전 땡큐 최고  항상 레시피 칼국수 쫄깃 칼국수 실험 오징어 조금 항상 비교 성의 동태 찌게 
M391uAF3GIU,[몬 먹어도 고:삼형제] EP.1 삼형제 (Three Brothers),"['finally they appear🎉🎉', '몬먹고제작진 및 몬스타엑스님드라<br>상하이로맨스 챌린지 함만해줘여 우리두 엠지그룹이자나…😢', 'My stress reliever! Love you', 'yess, i miss this show 🫶', 'I love themmmmm', '존나 기다렸다고!!!!!!!', '求加更', '표면장력게임 ㅁㅊ ㅋㅋㅋㅋ 진짜 재밌음<br>몬먹고 편집실력은 예전부터 좋았으니까 기획 야무지게 하셔서 꼭꼭 잘되시길!! 3명서 국밥 느낌으로 가다가 한명씩 추가되면 도파민 오질듯 ㅣ', '드디어.', '진행 안 해도 돼서 편한 셔누의 모습…🥺🥺♡ 너무 오랜만에 봄 ㅜㅋㅋㅋㅋ']",고삼 형제 형제, 몬스타 엑스 상하이 로맨스 린지 우리 그룹    존나  표면장력 게임 진짜 편집 실력 예전 기획 꼭꼭 국밥 느낌 가다가 추가 도파민  진행 해도 셔누 모습
DfqdW_JpZ1w,부석순 (SEVENTEEN) 2nd Single Album 'TELEPARTY' : 여러분의 청춘은 안녕하십니까? (How is your youth?),"['❤❤❤❤❤', '호시 금발 미쳤네ㅠㅠ', 'THANK UUU', 'AAAH WHY HAVE NO ONE EVER TOLD ABT THIS CHANNEL!!', '와 진짜 타팬인데 뭐지 이 미친 감동은', 'BTS😢😢😢', '이게뭐지..?ㅋㅋㅋㄱㅋㅋㄱㅋ', 'Lezends are watching in 2025.', 'We will become fans of kpop when a boysband comes to perform in Africa! We must be respected!', 'This concept is amazing thank u BSS to remind me that I have to enjoy my youth . I can&#39;t wait 👏🏻👏🏻']",부석 여러분 청춘 안녕하십니까, 호시 금발   진짜 타팬 감동  게뭐   
jPClOFMB-c4,"'바나나 코너킥 골' 쿠냐, 황희찬에게 '시즌 1호골'까지 선물 #SPOTIME","['쿠냐 멋짐 자기가 넣을 수 있었는데 동료에게 양보해주고👍👍 황희찬 이 골 시작으로 2호 골까지 넣었으니 반등해보자 울버햄튼!', 'ㅇㅅㅇ', '쿠냐 기억한다', '잘해 참 희찬이', 'ㄱ글 에서 토카인 요즘 너무 핫하네요', '쿠냐 ❤', '맥여줫네', '쿠냐 쩌네', '희찬이 쿠냐 흥하자', '비록 시즌 첫 득점이 늦게 터졌지만 이번골을 계기로 자신감도 좀 얻고 저번시즌의 그 황희찬 보고싶다']",바나나 코너킥 황희 시즌 호골 선물,자기 동료 양보 황희 시작 반등 울버햄튼  기억  토카 요즘  맥여줫   비록 시즌 득점 이번 계기 자신감 저번 시즌 황희
06mCrMgv0zY,BABYMONSTER - DRIP / THE FIRST TAKE,"['귀여워 😍', 'rami❤❤❤', 'Please bring ILLIT 😂😂. I need some funny', '<a href=""UCkszU2WH9gy1mb0dV-11UJg/dv90XtfhAurw8gTgzar4DA""></a>', 'The girls vocals 💯🔥 <br>The audio and camera quality 💯🔥 The makeup and outfit ✨️🔥 <br>Their expression and cuteness 😂❤ <br>I really love this performance 🔥🔥 💯💯💯', 'This is the fourth time I’ve watched this video today. At the beginning of the year, I spent a lot of my free time watching BABYMONSTER.😅', 'Proud of you girls🙌❤', 'I would like to sing like that 😅', 'Let&#39;s go 10M', 'Rami 💕💕💕💕💕']",,         
uw-ZnT-iAEI,Snow halation - 이세계아이돌 COVER│러브 라이브! OST,"['이쁘다ㅏㅏㅏ', '다들 너무잘하세요!크리스마스잘보내세요', '다들 러브라이브보세요😊', '오우센터릴파 토도케테~~', '30 가까워지니까 점점 댄스나 목소리가 성숙해지는거 같아요!! ❤❤❤', '“떴다 내 야도란”', '스노하레 설레네..', '다시는 내 쇼츠에 나타나지 마셔', '미쳤다 진짜...', '일단 커버곡 나와서 너무좋긴한데.....4집안나와서 걱정되기도한다....ㅠㅠ']",세계 아이돌 러브 라이브, 크리스마스 러브라이브 오우 센터 릴파 토도 케테 점점 댄스 목소리 야도란 스노 쇼츠 진짜 일단 커버 집안 걱정 기도
aQwzOQvZlrA,"세빈아, 메리 크리스마스!","['재결합 했오 ㅠ 너무 기쁘다', 'Why am I crying🥹🤧', 'Bro actually gave us heartbreak of a breakup and left us for months🥹', '다시만났으면..하고 조마조마하며 봤습니다<br>웬만한 드라마보다 재밌음♡', '아 드디어 재회 했다~~ 이 편 너무 기대했는데 보는 나도 설레네', '휴가잡아서 데이트하면서먹방 하던가톼근후 각자 저녁차려서  둘이영상통화하면서먹방하기도괜찮고요', '옭옭오오오오ㅗㅛㆍ오옹ㆍ으 지려따!!!!  총몇명 믿고있었다구!!!', '휴.. 어떡행❤', '와 대박 다시 만나는 군 진짜 뿌듯하다(??)❤❤']",메리 크리스마스,재결합   다시 드라마 재회 휴가 데이트 먹방 근후 각자 저녁 차려 영상통화 먹방 기도 옭옭 오오오오 어떡행 대박 다시 진짜
LrKVrMnA6_M,"재중이가 처음 안아본 날 엄마라고 부르더라고요, 그런데 어떻게 남에게 보낼 수 있어요... [아침마당] KBS 241224 방송","['애가없는집이거나 한둘있는집이면 모르겠는데 여덟자식이 있음에도 받았다는게.. 아.. 정말 존경을 안할수가없네요..', 'English subtitles please ❤', '너무 감동이네요 ………….잘 키워주신 부모님 .잘큰 아들~~~또한 누나모두 응원합니다', '김재중 잘생기고 노래 잘하고 성격도 진짜 좋아요 항상 응원합니다😊', '내 10대 20대를 같이 보낸 너무 사랑했던  내가수 .. 재중님  끝까지 응원합니다!!❤', '고맙습니다 ❤<br>훌륭하게 큰 아들이네', '봐도봐도감동이메요😂😂😂😂😂', '재중씨 대박나세요^^', '들어올때부터 어머니 손 꼭 잡고 들어오는걸 보니 뭉클함', '8😊']",재중이 처음 엄마 아침마당 방송,애가 자식 정말 존경  감동 부모님 아들 또한 누나 모두 응원 김재중 노래 성격 진짜 항상 응원 사랑 가수 재중 응원 아들 감동 재중 어머니 잡고 
ggtPu30NDKU,"[ENG SUB] 현빈 전여빈 박정민 박훈 {짠한형} EP. 73 짠한형 ✨현빈 영입! 🥹정호철 방출?! 오늘부터 [짠한형] 다시 태어납니다. ""그동안 수고했어 호철아~"" 🥲","['[짠스님들을 위한 쿠팡 단독 특가전]<br>👉 특가 링크 바로가기<br><a href=""https://link.coupang.com/a/b6focQ"">https://link.coupang.com/a/b6focQ</a> <br><br>짠스님들을 위해 준비한 단 7일간의 [쿠팡 단독 특가 이벤트] 화깨수와 함께 숙취 걱정 없이 새해를 준비하세요! <br><br>[매일매일 구매 인증하고 황금 열쇠 받자!]<br>1. 개인 인스타그램에 짠한형 화깨수 구매 인증 사진이나 영상을 올려주세요.<br>2. @hwaggaesoo 계정을 태그, 필수해시태그.입력하면 참여 완료!<br>3. 매일 1명을 추첨해 특별한 선물을 드립니다.!', '간만에보러왓네요.....❤❤❤❤ 진짜ㅠㅠ ㅋㅋㅋ', '박훈 배우 너무 멋있음..한산때 눈매랑 목소리에 반해서 그 뒤로 작품들 챙겨보고 있는데 담엔 우리편으로 나와주세요 맘 편히 좋아하고 싶어요 ㅋㅋㅋㅋㅋ 장군 역할 한 번만 더 젭알', '배우님들 연기가 미쳤따<br>천만가자', '짠한형에서 보고 영화보고 왔어요 <br>넘 잼있네요~~', '빈빈빈(현빈 전여빈 하얼빈) 멋지다~~!!!', '물구나무 서면 피가 아래로 쏠려서 잘 안될텐데.. 진짜 건강하고 사랑했나보다', 'ㄱ글 에서 토카인 부업으로 하기 딱좋은 알바 같네요', '하얼빈 현빈 연기 기대하며 보다 피로감..한방이 없어서 말투가 뭔가 힘이 없고...이동욱 연기에 오히려 놀랐어요..연기에 힘이 느껴져서 ㅡ', '왜 저렇게 멋있는 척 할까? 어색하게… 연기도 제일 못하는 인간이…']",현빈 박정민 박훈 한형 한형 현빈 정호 방출 오늘 한형 다시 그동안 수고 호철,스님 쿠팡 단독 가전 링크 바로가기 스님 위해 준비 일간 쿠팡 단독 이벤트 숙취 걱정 새해 준비 매일 구매 인증 황금 열쇠 개인 인스타그램 한형 구매 인증 사진 계정 태그 필수 해시태그 입력 참여 완료 매일 추첨 선물 간만 진짜 박훈 배우 한산 눈매 목소리 작품 보고 우리 장군 역할 번만 젭알 배우 연기 만가 한형 보고 영화 보고 빈빈빈 현빈 하얼빈 물구나무 서면 아래 진짜 사랑 토카 부업 알바 하얼빈 현빈 연기 피로 방이 말투 뭔가 이동욱 연기 오히려 연기 연기 제일 인간
ngZhxeskf2g,위태로운 스타트업 CEO의 연말 보내기,"['행복한 새해 되세요💜', '힘내세요ㅎㅎ', '오너리스크 ㅋㅋㅋㅋㅋ 미챠', '위기아니다 ~ 힘내라~', '아 퇘지', '새해 복 많이많이 받아요 끄박🩷', '민고이 헤어졌누??', '재연이 너무 이쁘고 귀여워', '준빈 해피뉴이어 💚<br>건강하고 행복한 한해 되길 바래요', '잘되길바랍니다  새해복많이 받으세요']",위태 스타트업 연말,새해  리스크 미챠 위기  새해 고이 재연 준빈 해피뉴이어 한해 새해
37HEXwaJq48,한국에서 생전 처음 경험한 살벌한 추위에 깜짝 놀란 베트남 언니,"['하 누나 한국어도 잘하는구나 ㅋㅋㅋㅋㅋㅋ', '우유랑 하 계속 한국말 쓰려고 하는 거 넘 예뻐요👍 추운데 감기 조심하고 한국에서 즐거운 시간 보내세요~', '하가패션도힙하고 한국말도정확한데', '하. 귀여워~ㅋㅋ', '💛', '아니 대체 베트남 사람이 겨울에 한국와서 춥부심을 부리면 어떡하냐고요....??.....ㅋㅋㅋㅋㅋㅋㅋ', '안춥다고 하다가 밖에나와서 케리어에서 주섬주섬 옷꺼내는게 넘 귀여우심 ㅋㅋㅋㅋㅋㅋ', '양심적인 택시기사님👍', '둘다 추워서 옷입는거 귀여우심, 자라는 짝퉁이 없어요 ㅎㅎㅎ', '추워요']",한국 생전 처음 경험 추위 깜짝 놀란 베트남 언니,누나 한국어 우유 계속 한국말 감기 한국 시간 패션 한국말   대체 베트남 사람 겨울 한국 부심 부리면 케리 주섬주섬 여우 양심 택시 기사 여우 짝퉁 
hgX9l3tFENg,24시간동안 도쿄 슬럼가 음식으로 끼니 해결해보기,"['다들 메리 솔크요~❤', '아침에 냅다까라 생맥시키는거 너무웃겨요 ㅋㅋㅋ', '<a href=""https://www.youtube.com/watch?v=hgX9l3tFENg&amp;t=1589"">26:29</a> 혹시라도 왜 웃으신지 궁금하신 분들은 주차장 간판을 유심히 보시면..😅 오마오마한..', '솔직히 롤 언젠간 망하긴할듯 ?? 재미 볼수있을때 재미보자 롤☀지☀️노 ㅋㅋㅋㅋㅋㅋ', '딱 저녁 퇴근시간에 발매가되고있는 스타끝장전 스 폰빵 ㅋㅋㅋ 뱋하고 봅시다! 경로: 롤지노', '많은 스타유저들의 대회와 솔랭 롤랜드 모든것을 즐기는 명불허전 안전늘이터 롤~지~노', '롤襤지襤노 땅호리 안녕수야 킴민교 등등 메이저 비제이 들의 솔랭 배 당을 달고달게 받으십시오', '게임을 좋아하는 대한민국 그런분들을 위해 준비 단단히했습니다 롤❤지❤️노 ㅎㅎ', '안전띠 확실하게 잘되어있는 명예의전당 롤😣지😣노 ㅋㅋㅋㅋ 바로 달려왔습니다', '하도 밈처럼 댓글에 많이 보이는 i롤i지i노i 이렇게 재미있는걸 이제야 발견하다니']",시간 동안 도쿄 슬럼가 음식 끼니 해결,메리 아침 생맥 혹시 신지 주차장 간판 유심 보시 마오 마한 재미 재미 지노 저녁 퇴근 시간 발매 스타 장전 폰빵 경로 지노 스타 유저 대회 솔랭 롤랜드 명불허전 안전 지노 호리 안녕 수야 킴민교 등등 메이저 비제 솔랭 게임 대한민국 위해 준비 지노 안전띠 명예 의전 지노 바로 이제야 발견
paekEk2uM3o,퀸가비 선배 집에서 노가리(with 승헌쓰),"['<a href=""https://www.youtube.com/watch?v=paekEk2uM3o&amp;t=1280"">21:20</a> 여기는 약간 찜질방 탈의실에서 수다 떠는 아주머니들 늑힘,,,', '<a href=""https://www.youtube.com/watch?v=paekEk2uM3o&amp;t=58"">0:58</a> 여기 옥수수 진짜 전세계에서 젤 맛있어요 ..................... 3시 넘으면 다 팔림', '디바마을에 나왔으면 좋겠다,,, 새로운 엔터로 ㅋㅋㅋㅋㅋㅋㅋㅋㅋ', '찰스엔터 유라닮음', '아 보는 내가 다 행복하네', '짉ㅋㅋㅋㅋㅋㅋㅋㅋㅋㅋㅋㅋㅋㅋㅋㅋㅋㅋㅋㅋㅋㅋㅋㅋㅋ아ㅠㅠ너무웃곀ㅋㅋㅋㅋㅋㅋㅋ', '이 브이로그 ㄹㅇ 미궁같은 매력이 있음<br>벌써 일곱번째 보고있음', '셋 다 너무 후회없이 웃어서 웃기다...재밌다..', '하 찰쓰 귀욥다', '가비언니 웃음 장벽 낮은거 진짜 사람이 좋다 유튭에서 성공할 수 밖에 없음 ㅠㅠㅠ']",가비 선배 노가리 승헌,약간 찜질방 탈의실 수다 아주머니 늑힘 여기 옥수수 진짜 전세계 디바 마을 엔터 찰스 유라 닮음  너무웃곀 브이 로그 미궁 매력 벌써 일곱 후회 웃기  가비 웃음 장벽 진짜 사람 유튭
yG1bfUCJSIg,[VLOG] 출시되자마자 품절⁉️드디어 나온 형부떡볶이❤️ (맛있음주의),"['형부떡볶이 2차 판매 금일 22시부터‼️<br>엄청난 리뷰이벤트 안내는 더보기란을 눌러주세요⬆️<br><a href=""https://smartstore.naver.com/hbfnb"">https://smartstore.naver.com/hbfnb</a>', '유준이에겐  친구같은아빠일듯', '<a href=""https://www.youtube.com/watch?v=yG1bfUCJSIg&amp;t=1591"">26:31</a> 조유쭌 언제 이렇게 컸어 ㅠㅠㅠ 이번 영상이 특히 더 그런 생각이 많이드네😊 쑥쑥 잘 자라거라 유쥬니 진짜 예쁜 세상 만들어줄게❤', '이제 더이상 판매는 안하나용??ㅠㅠㅠ', '유준이 새해복마니받아❤', '1,2차 다 못사고 기웃기웃ㅋㅋ', '진짜 인터넷으류 물건사면서 이렇게 답답한적은 첨이네요 대응이 너무 느립니다', '아아 얼길이에다 어좁이구나  어쩐지 조땡님 숨막...,유준이라도. ㅇ쁘고해서 다행이다 맞지? 유쥬나😎💙', '24년도 마지막 영상 잘 봤습니다 수록님 ㅎㅎ', '떡볶이는 판매만하고 배송은 신경안쓰시나요? 지금 순차적발송아니고 다섞여서 발송된거같은데 분명히 당일발송이라햇고 어제까지 발송된더고 햇는데도 발송이 안되고 2차 배송날짜인 2차에 배송된다그러고 물건이 100만개인가요? 그런것도 아닌데 일처리거 왜 이런식으로 되는거며 사과도 없는건가요?']",출시 품절 형부 떡볶이 주의,형부 떡볶이 판매 금일 리뷰 이벤트 안내 보기 유준 친구 아빠 조유쭌 언제 이번 생각 이드 쥬니 진짜 세상 이제 이상 판매 유준 새해  진짜 인터넷 물건 사면 대응 아아 어좁 어쩐지 숨막 유준 쁘고해 다행 유쥬 년도 마지막 수록 떡볶이 판매 배송 신경안 지금 순차 발송 발송 된거 발송 어제 발송 발송 배송 날짜 배송 물건 처리 사과 가요
mCJE1tBPGgk,[VLOG] 조카 목욕 시키기 체험하고 왔어요(처음이라 쉽지않음💦) | 기대하던 형부떡볶이! | 어쩌면 나 집밥 고수일지도?😳,"['잠옷 정보 알고싶어요 너무 예뻐요💙', 'ㅠㅠㅠ 아직 20분 남았는데 네이버폼 종료되었네요', '지유님은 정말 영상을 볼 때마다 선한 사람이라는게 느껴져요..😊 <br>지유님이 선하셔서 그런지 주변사람들도 다 좋은 사람들 밖에 없는 것 같아요..😊💗', '요즘 바쁘다 보니 제대로 된 한 끼를 챙기기가 너무 힘들어서 항상 배달음식에 의존하고 있었어요. 그래서 더미식 우렁 된찌를 보고 정말 끌렸어요! 한식은 정말 좋아하는데, 이렇게 간편하게 집에서 맛있게 먹을 수 있는 제품이라니 너무 좋더라고요. 영상을 보니까 국물도 진하고, 우렁이랑 된장이 잘 어우러져서 정말 맛있을 것 같아요!<br>그리고 할인 이벤트까지 한다니, 이건 놓칠 수 없죠! 바쁜 일상 속에서 따뜻한 집밥 한 끼 먹을 수 있는 기회라 생각하니까 벌써부터 기대가 돼요. 정말 소중한 식사가 될 것 같아서 얼른 구매해서 먹어보고 싶어요! 지유님 덕분에 이런 좋은 정보 알게 되어 감사해요! 😊', '지유님 완전 집밥고수신데요...? 흑백요리사 시즌2 나가셔도 손색이 없겠어요 ㅎㅎ 모두 맛있어 보이는데 특히 더미식 우렁된장찌개는 맛은 물론이고 건강에도 좋을 것 같으면서 추운 겨울에 아주 딱인 음식이네요!', '지유님 일상 브이로그를 보면서 저도 모르게 미소 짓게 되네요! 💝 <br><br>가족들과의 소소한 일상이 이렇게 따뜻하고 행복해 보일 수가 없어요. 서로를 향한 애정이 화면 너머로도 고스란히 전해져서 보는 내내 마음이 포근해졌답니다. 🥰 특히 서로를 바라보는 눈빛에서 진심 어린 사랑이 느껴져서 더 감동이었어요!<br><br>저도 요즘 일에 치여 가족들과 시간을 잘 못 보내고 있었는데, 이 브이로그를 보니 주말에는 꼭 시간 내서 가족들과 함께하는 시간을 가져야겠다는 다짐이 절로 드네요. ✨<br><br>2024년 한 해 동안 이렇게 행복한 순간들을 나눠주셔서 정말 감사합니다! 2025년에도 지유언니의 따뜻한 일상 브이로그 기대하면서 항상 건강하시고 행복하시길 응원할게요! 🍀 가족분들 모두 새해에도 지금처럼 서로 아끼고 사랑하면서 더 많은 추억 만드시길 바랄게요! 🫶', '아기의 작고 앙증맞은 모습과 순수한 미소에 매료되었어요. 육아는 힘들지만, 아이의 성장을 함께하며 느끼는 기쁨은 그 무엇과도 바꿀 수 없다는 것을 다시 한번 깨달았네요 영상을 보면서 마음이 따뜻해지고, 동시에 육아의 소중함을 다시 한번 느꼈답니다 조카를 목욕시키는 모습을 보며 제가 겪었던 육아의 기억들이 새록새록 떠올랐지요 이모의 조카를 향한 마음이 넘 따듯해서 좋은 영상 잘 시청했어요', '너무 예뻐요 지유 언니 🥰', '내가 딴건 몰라도 지유님 추천템 정보 하나는 믿고 따라하는데 집밥 먹방 영상을 가져왔는지 🥹 항상 내 밥친구 지유롭게 영상보면서 맛있는거 먹는게 유일한 낙인데 나 한식킬러인거 어찌알구 더미식 우렁 된찌라뇨ㅠㅠ  바쁘다 바빠 현대사회에 밥차려 먹기가 어찌나 어려운지.. 독거직장인으로서 매번 배달시켜 먹다보니 살만찌고 얇아지는 지갑..^^ 더미식 국물요리 하나면 고생한 나를 위한 소중한 식사가 아닐까 싶네요🥰 심지어 할인 이벤트중이라니 당장 쟁여놓으로 가겠습니다🤩 매번 이런 좋은 꿀템 꿀정보 가져오는 지유님 애정합니다 🤍앞으로 꽃길만 걸읍시다', '지유님 혜주언니랑 목소리 왤케 비슷해요 ?? ㅋㅋㅋㅋ😝🫶🏻 영상 안보고 듣기만하면 혜주언니가 말하는줄 ㅋㅋㅋㅋ']",조카 목욕 체험 처음 형부 떡볶이 어쩌면 집밥 고수일 지도,잠옷 정보 네이버 종료 지유 정말 사람 지유 주변 사람 사람 요즘 제대로 기기 항상 배달 음식 의존 더미 우렁 보고 정말 한식 정말 제품 국물 우렁이 된장 정말 할인 이벤트 이건 일상 집밥 기회 생각 벌써 기대 정말 식사 얼른 구매 보고 지유 덕분 정보 지유 완전 집밥 수신 흑백 요리사 시즌 손색 모두 더미 된장찌개 건강 겨울 아주 음식 지유 일상 브이 로그 미소 가족 일상 수가 서로 애정 화면 너머 고스 내내 마음 서로 눈빛 진심 사랑 감동 요즘 가족 시간 브이 로그 주말 시간 가족 시간 다짐 절로 드네 동안 순간 정말 지유 일상 브이 로그 항상 응원 가족 모두 새해 지금 서로 사랑 추억 아기 작고 모습 미소 매료 육아 아이 성장 기쁨 무엇 다시 한번 마음 동시 육아 다시 한번 조카 목욕 모습 육아 기억 새록새록 이모 조카 마음 시청 지유 언니 지유 추천 정보 하나 집밥 먹방 항상 친구 지유롭 한식 킬러 어찌 알구 더미 우렁 된찌라뇨 사회 차려 먹기 독거 직장인 매번 배달 지갑 더미 국물 요리 하나 고생 식사 심지어 할인 이벤트 당장 쟁여놓 매번 꿀템 정보 지유 애정 꽃길 지유 혜주 목소리 왤케 안보 듣기 만하 혜주
9zQT_ljfDHw,지름 45cm 돼지비계 불판으로 스테이크전 튀기기,"['제대로 먹어주실 줄 알았습니다.', '마라탕 만들어주새요', '이분 채널 이름 먹어볼래가 뭐랄까 &quot;먹을수있으먼 먹어봐&quot; 이런 느낌이랄까', '어릴때 할머니가 잔치집에선 돼지기름으로 전부치고 그랬대요 <br>그게 더 맛잇다고', '[ 최전방 대북 귀순유도 방송으로 틀면 효과적인 영상 ]', '나 진짜 진지하게 한달만 신세지면 안될까요?? 월세 두둑히낼게요', '이분들 진짜 목숨걸고 하는거임 ㅋㅋㅋ', 'you always make these meals such an adventure!', '저기다 김치구워먹음 대박이겠다', '제발 흑백요리사 나와주세요 ㅠㅠㅠㅠ']",지름 돼지 비계 불판 스테이크,제대로  이분 채널 이름 느낌 할머니 잔치 돼지 기름 전부 대요 그게 전방 대북 귀순 유도 방송 효과 진짜 세지면 월세 이분 진짜 목숨  저기 김치 먹음 대박 제발 흑백 요리사
7_q89vlO-DI,24시간동안 최고가 VS 최저가!! 무조건 제일 비싼 걸 먹으면 행복할까?!,"['여러분의 선택은?!<br>1. 무조건 최고가!<br>2. 무조건 최저가!<br>3. 무조건 중간!!!', '코인산다했으면 한사람은비트코인사고 한사람은 비트토렌트사기네ㅋㅋㅋ', '아니 강호이 손 왜 이렇게 예쁨ㅋㅋㅋㅎㅋㅋ', '강호이 손 진짜 예쁘다', '오빠들이 네일아트 하니까 너무 웃겨요 문제는 25만원이라는 가격에 놀람', '아직 있는지 모르겠지만 신림동 삼촌집(초밥) 맛있습니다. 있다면 꼭 가보세용.', '2025년에 보시는 분..?🤭🤭<br>이 와중에 강호이 손 완전 예쁘다 여자인 나보다 더.. ㄷㄷ <a href=""https://www.youtube.com/watch?v=7_q89vlO-DI&amp;t=1196"">19:56</a>', '<a href=""https://www.youtube.com/watch?v=7_q89vlO-DI&amp;t=1199"">19:59</a> 미친거아님? 네일샵 홍보용 사진으로 사용해도 될듯 개예쁨;;🥵', '강호이님 손톱 왜이렇게 잘 어울리세요, 손에 예뻐서 그런가 😊', '섬내일 문제 있을뜻.. 아디다스 음..']",시간 동안 최고 최저 무조건 제일,여러분 선택 무조건 최고 무조건 최저 무조건 중간 코인 산다 사람 비트코인 사고 사람 비트토렌트 사기 강호 강호 진짜 오빠 네일아트 문제 만원 가격 놀람 신림동 삼촌 초밥 보시 와중 강호 완전 여자 네일 홍보 사진 사용 강호 손톱 런가 내일 문제 아디다스
2il1y9oh4MM,치킨은 질렸다는 북마케도니아 처남이 한국 치킨을 처음 먹어본 반응은?! (한국여행),"['비닐장갑끼고 드시지요', '와..육개장 ㅋㅋ', '무슨사연인줄 모르겠지만 유티브 영상 기다리다가 지쳤어요!!', '무슨사연인줄 모르겠지만 유티브 영상 기다리다가 지쳤어요!!', '튀김우동이 더 고급진맛 맛있어요 ㅋ', '뱅도님...육게장 4~5박스 사니 표정이 굳어지네요...ㅎㅎㅎ', '화목한가정~^^', '다시 방송하시내요.  영상 자주. 올려주세요', '한국 식사예절 좀 가르쳐 주세요~ 김포할배가 ^^', '남편도 닭다리 좀 줘야지 ㅋㅋㅋㅋㅋ']",치킨 마케도니아 처남 한국 치킨 처음 반응 한국 여행,비닐 장갑 육개장 연인 유티브 연인 유티브 튀김 우동 고급 진맛 뱅도 게장 박스 표정 화목 가정 다시 방송 자주 한국 식사 예절 김포 할배 남편 닭다리
h9mZfNsSn-0,네덜란드 기차에서 진돗개를 처음 본 더치들 반응ㅎㅎ,"['안녕하세요 여러분..<br>갑작스러운 비행기 추락 사고로 많은 분들이 희생되신 소식에 깊은 애도의 마음을 전하며, 삼가 고인의 명복을 빕니다..<br>내일 예정되었던 세랑이 라이브는 취소하게 된 점 양해 부탁드립니다.', '저렇게 큰 개는 다닐때 꼭 입마개 하셔야 합니다.', '봉순이 개매너에 반했어요.', '봉순이랑 데이트 너무 좋네요.<br>봉순이 행복해 보여요.', '우연히 영상보게 됐는데 너어무 사랑스런가족에 반했어요♡♡♡♡<br>남동생 가족도 호주사는데 영상보니 생각많이 나네요~~^^ 사랑넘치는 가족과 강아지들 정말 제가 꿈꾸던 가족이에요~~♡♡♡♡ 영상 많이 올려주시고 새해 복 많이 받으세요~^^ 저도 대구 살았었어요ㅎㅎ', '이 영상 몇번봤는데<br>볼 때마다 새로워요~<br>세랑이 김밥 만드는 방법에서<br>김을 가스불에 지진다는  표현에<br>빵 터짐~<br>김을 구운다고 해야~ㅎ<br><br>김을 들기름바르고 소금뿌려<br>구운다음 봉지에 넣어 잘게 부셔서<br>밥을 섞어서 만들면 더 맛있어요~<br>한국에서 김 굽는 스텐 석쇠를 사다달라고 하세요', '거짓말쟁이 엄마셨네..ㅋㅋ', '너무나 즐거운 영상이에요❤', '우리의 진도 세계의 진돗개!👍👍👍❤️❤️', '들깻잎 + 들기름. 애 이마에는 빨간 자국']",네덜란드 기차 진돗개 처음 더치 반응,여러분 비행기 추락 사고 희생 소식 애도 마음 전하 고인 명복 내일 예정 세랑 라이브 취소 양해 마개 순이 매너 반했어 순이 데이트 순이 상보 가족 반했어 남동생 가족 호주 상보 생각 사랑 가족 강아지 정말 가족 새해 대구 몇번 세랑 김밥 방법 가스 표현 들기름 소금 봉지 한국 스텐 석쇠 달라 거짓말쟁이 엄마셨  우리 진도 세계 진돗개 들깻잎 들기름 이마 자국
spuOgw6StPw,어디서 뭐하고 있나보니.. 갑자기 재봉틀,"['둘째 임신중인데 너무 좋아해요❤😊', '아무일 없는 것이 최고 입니다 ❤', '역시 돈 많으니까 하고싶은거 하면서 잘 사는구나', '손재주가 있으시네요. Happy New Year!', '새해 복많이 받으세요.<br>시절이 어수선하지만<br>그래도  인사 드리고싶어서 남깁니다.<br>건강히 조심조심다니셰요', '<a href=""https://www.youtube.com/watch?v=spuOgw6StPw&amp;t=354"">5:54</a> 그 떡집 못참죠 ㅎ 아 와 얼마전에 망원갔다 떡 사야지 생각하고 그냥 온거 생각났어요', '리얼 찐 생활 부지런하시네 콤프지노.∁οΜ', '<a href=""https://www.youtube.com/watch?v=spuOgw6StPw&amp;t=458"">7:38</a> 여기 나오는 브금 아시는분..?', '올해 너무 다사다난 여유없고 너무너무 심적으로 힘든 한해였어서 일부러 여행 컨텐츠도 멀리하고(가고싶은데 못가면 더 슬플까봐ㅠㅠ)점점 알고리즘에도 여행관련내용보다는 제가 직면했던 슬픈 상황의 내용들이 차지하고 있었는데 내사랑 원지님이 요새 계속 떠올라서 오랜만에 찾아 왔어요 여행 가고 싶은맘이 들어도 될만큼 저한테 여유가 생겼다는 뜻인거 같아 기뻐요 일년간 못본 원지 유투브 다 뿌셔주갔어요 하트하트', '<a href=""https://www.youtube.com/watch?v=spuOgw6StPw&amp;t=95"">1:35</a> 제봉→재봉']",갑자기 재봉틀,둘째 임신 최고 역시 손재주 새해 시절 인사 떡집 얼마 망원 생각 그냥 리얼 생활 콤프 지노 여기 브금 아시 올해 다사 다난 여유 한해 일부러 여행 컨텐츠 멀리 점점 알고리즘 여행 관련 내용 직면 상황 내용 차지 내사 원지 요새 계속 여행 여유 원지 유투브 뿌셔주갔어 하트 하트 재봉
